-- --------------------------------------------------------
-- Host:                         127.0.0.1
-- Server version:               8.0.30 - MySQL Community Server - GPL
-- Server OS:                    Win64
-- HeidiSQL Version:             12.1.0.6537
-- --------------------------------------------------------

/*!40101 SET @OLD_CHARACTER_SET_CLIENT=@@CHARACTER_SET_CLIENT */;
/*!40101 SET NAMES utf8 */;
/*!50503 SET NAMES utf8mb4 */;
/*!40103 SET @OLD_TIME_ZONE=@@TIME_ZONE */;
/*!40103 SET TIME_ZONE='+00:00' */;
/*!40014 SET @OLD_FOREIGN_KEY_CHECKS=@@FOREIGN_KEY_CHECKS, FOREIGN_KEY_CHECKS=0 */;
/*!40101 SET @OLD_SQL_MODE=@@SQL_MODE, SQL_MODE='NO_AUTO_VALUE_ON_ZERO' */;
/*!40111 SET @OLD_SQL_NOTES=@@SQL_NOTES, SQL_NOTES=0 */;


-- Dumping database structure for voting_system
CREATE DATABASE IF NOT EXISTS `voting_system` /*!40100 DEFAULT CHARACTER SET utf8mb4 COLLATE utf8mb4_0900_ai_ci */ /*!80016 DEFAULT ENCRYPTION='N' */;
USE `voting_system`;

-- Dumping structure for table voting_system.candidates
CREATE TABLE IF NOT EXISTS `candidates` (
  `id` int unsigned NOT NULL AUTO_INCREMENT,
  `Name` varchar(50) NOT NULL,
  `image_url` varchar(500) CHARACTER SET utf8mb4 COLLATE utf8mb4_0900_ai_ci DEFAULT NULL,
  `position_id` int NOT NULL,
  PRIMARY KEY (`id`),
  KEY `position_id` (`position_id`),
  CONSTRAINT `candidates_ibfk_1` FOREIGN KEY (`position_id`) REFERENCES `positions` (`position_id`),
  CONSTRAINT `candidates_ibfk_2` FOREIGN KEY (`position_id`) REFERENCES `positions` (`position_id`)
) ENGINE=InnoDB AUTO_INCREMENT=27 DEFAULT CHARSET=utf8mb4 COLLATE=utf8mb4_0900_ai_ci;

-- Dumping data for table voting_system.candidates: ~1 rows (approximately)
REPLACE INTO `candidates` (`id`, `Name`, `image_url`, `position_id`) VALUES
	(1, 'Risa Rodriguez', 'images/67d868423b0645.25427608.png', 1),
	(3, 'Daniel Smith', 'images/67d86849c338c9.22697040.png', 1),
	(4, 'Liam Johnson', 'images/67d868523169a0.24857874.png', 1),
	(5, 'Ethan Williams', 'images/67d8685a9674d2.65416407.png', 1),
	(6, 'Michael Brown', 'images/67d8686556a298.30818220.png', 1),
	(7, 'Olivia Martinez', 'images/67d8687b2da752.08132779.png', 2),
	(8, 'Sophia Clark', 'images/67d86883d6da68.17249146.png', 2),
	(9, 'Isabella Moore', 'images/67d8688f9738a0.17161564.png', 2),
	(10, 'Emma Taylor', 'images/67d8689b1321d6.25710970.png', 3),
	(11, 'Mia Anderson', 'images/67d868a75ac151.56318951.png', 3),
	(12, 'Ethan Walker', 'images/67d868c1169616.16464004.png', 3),
	(13, 'Noah White', 'images/67d868b18d6cd5.31498377.png', 3),
	(14, 'Lucas Harris', 'images/67d868ce3a15d4.57125978.png', 3),
	(15, 'Benjamin Lee', 'images/67d868dae48d28.02175109.png', 3),
	(16, 'Henry Gonzalez', 'images/67d868fa7bbbc8.53822379.png', 5),
	(17, 'Sophia Carter', 'images/67d8690949b096.32142469.png', 5),
	(18, 'Ava Thompson', 'images/67d86914a06dd1.28298817.png', 6),
	(19, 'Emily Scott', 'images/67d8692ca17149.89816485.png', 6),
	(20, 'Charlotte Adams', 'images/67d869202d2fe5.03557310.png', 6),
	(21, 'Amelia Robinson', 'images/67d86937cac345.77660101.png', 7),
	(22, 'Benjamin Lewis', 'images/67d8694d3a7204.79742407.png', 7),
	(23, 'Alexander Hall', 'images/67d8695add0c59.03184869.png', 7),
	(24, 'William Allen', 'images/67d869691bd226.64833441.png', 7),
	(25, 'James Young', 'images/67d868e53fccf6.44580800.png', 4),
	(26, 'Matthew King', 'images/67d868ef2e39c6.69561378.png', 4);

-- Dumping structure for table voting_system.positions
CREATE TABLE IF NOT EXISTS `positions` (
  `position_id` int NOT NULL AUTO_INCREMENT,
  `position_name` varchar(50) DEFAULT NULL,
  PRIMARY KEY (`position_id`)
) ENGINE=InnoDB AUTO_INCREMENT=32 DEFAULT CHARSET=utf8mb4 COLLATE=utf8mb4_0900_ai_ci;

-- Dumping data for table voting_system.positions: ~7 rows (approximately)
REPLACE INTO `positions` (`position_id`, `position_name`) VALUES
	(1, 'President'),
	(2, 'Vice President'),
	(3, 'Secretary'),
	(4, 'Treasurer'),
	(5, 'Sergeant'),
	(6, 'Chief of Staff'),
	(7, 'Advisor');

-- Dumping structure for table voting_system.users
CREATE TABLE IF NOT EXISTS `users` (
  `id` int NOT NULL AUTO_INCREMENT,
  `username` varchar(50) NOT NULL,
  `password` varchar(255) NOT NULL,
  `created_at` timestamp NULL DEFAULT CURRENT_TIMESTAMP,
  PRIMARY KEY (`id`),
  UNIQUE KEY `username` (`username`)
) ENGINE=InnoDB AUTO_INCREMENT=3 DEFAULT CHARSET=utf8mb4 COLLATE=utf8mb4_0900_ai_ci;

-- Dumping data for table voting_system.users: ~2 rows (approximately)
REPLACE INTO `users` (`id`, `username`, `password`, `created_at`) VALUES
	(2, 'ejhay', '3ce8dffe562b2000038af9b61c9f5b0e3f84fd8e280e658399408fb2d1a83559e5de69f8abd8bd30dcea16bd4c4054ce48c6276a6dd00625db04c17a22c5fb33', '2025-03-17 07:39:00');

-- Dumping structure for table voting_system.voters
CREATE TABLE IF NOT EXISTS `voters` (
  `voter_id` int NOT NULL AUTO_INCREMENT,
  `voter_name` varchar(255) DEFAULT NULL,
  `created_at` datetime DEFAULT CURRENT_TIMESTAMP,
  PRIMARY KEY (`voter_id`)
) ENGINE=InnoDB AUTO_INCREMENT=35 DEFAULT CHARSET=utf8mb4 COLLATE=utf8mb4_0900_ai_ci;

-- Dumping data for table voting_system.voters: ~0 rows (approximately)
REPLACE INTO `voters` (`voter_id`, `voter_name`, `created_at`) VALUES
	(1, 'Aaron Miller', '2025-03-18 02:30:39'),
	(2, 'Abigail Thompson', '2025-03-18 02:32:33'),
	(3, 'Alexander Carter', '2025-03-18 02:35:37'),
	(4, 'Alyssa Nelson', '2025-03-18 02:39:56'),
	(5, 'Andrew Scott', '2025-03-18 02:40:27'),
	(6, 'Anna Robinson', '2025-03-18 02:43:30'),
	(7, 'Benjamin Lewis', '2025-03-18 02:45:23'),
	(8, 'Brandon Harris', '2025-03-18 02:45:58'),
	(9, 'Brianna White', '2025-03-18 02:47:58'),
	(10, 'Caleb Anderson', '2025-03-18 02:48:39'),
	(11, 'Catherine Hall', '2025-03-18 02:50:39'),
	(12, 'Charles Martinez', '2025-03-18 02:51:11'),
	(13, 'Charlotte Adams', '2025-03-18 02:53:45'),
	(14, 'Christopher King', '2025-03-18 02:54:23'),
	(15, 'Daniel Johnson', '2025-03-18 02:55:11'),
	(16, 'David Walker', '2025-03-18 03:01:06'),
	(17, 'Emma Moore', '2025-03-18 03:01:53'),
	(18, 'Ethan Taylor', '2025-03-18 03:02:30'),
	(19, 'Gabriel Allen', '2025-03-18 03:03:07'),
	(20, 'Grace Hernandez', '2025-03-18 03:04:39'),
	(21, 'Hannah Young', '2025-03-18 03:05:11'),
	(22, 'Isabella Carter', '2025-03-18 03:07:59'),
	(23, 'Jack Gonzalez', '2025-03-18 03:08:31'),
	(24, 'Jackson Perez', '2025-03-18 03:09:03'),
	(25, 'Jacob Brooks', '2025-03-18 03:09:47'),
	(26, 'James Ramirez', '2025-03-18 03:10:23'),
	(27, 'Jasmine Flores', '2025-03-18 03:10:53'),
	(28, 'Jessica Reed', '2025-03-18 03:11:25'),
	(29, 'John Bennett', '2025-03-18 03:11:55'),
	(30, 'Jonathan Ross', '2025-03-18 03:12:24'),
	(31, 'Joshua Ward', '2025-03-18 03:13:51'),
	(32, 'Julia Sanders', '2025-03-18 03:14:30'),
	(33, 'Kaitlyn Price', '2025-03-18 03:15:00'),
	(34, 'ejhay gofredo', '2025-03-18 21:15:08');

-- Dumping structure for table voting_system.votes
CREATE TABLE IF NOT EXISTS `votes` (
  `vote_id` int NOT NULL AUTO_INCREMENT,
  `candidate_id` int NOT NULL,
  `voter_id` int NOT NULL,
  `created_at` datetime DEFAULT CURRENT_TIMESTAMP,
  PRIMARY KEY (`vote_id`)
) ENGINE=InnoDB AUTO_INCREMENT=231 DEFAULT CHARSET=utf8mb4 COLLATE=utf8mb4_0900_ai_ci;

-- Dumping data for table voting_system.votes: ~0 rows (approximately)
REPLACE INTO `votes` (`vote_id`, `candidate_id`, `voter_id`, `created_at`) VALUES
	(1, 1, 1, '2025-03-18 02:30:44'),
	(2, 9, 1, '2025-03-18 02:30:46'),
	(3, 13, 1, '2025-03-18 02:30:51'),
	(4, 26, 1, '2025-03-18 02:30:54'),
	(5, 17, 1, '2025-03-18 02:30:58'),
	(6, 19, 1, '2025-03-18 02:31:01'),
	(7, 23, 1, '2025-03-18 02:31:05'),
	(8, 3, 3, '2025-03-18 02:35:39'),
	(9, 8, 3, '2025-03-18 02:35:42'),
	(10, 11, 3, '2025-03-18 02:35:44'),
	(11, 17, 3, '2025-03-18 02:35:48'),
	(12, 26, 3, '2025-03-18 02:35:51'),
	(13, 22, 3, '2025-03-18 02:35:54'),
	(14, 20, 3, '2025-03-18 02:35:59'),
	(15, 3, 4, '2025-03-18 02:39:58'),
	(16, 8, 4, '2025-03-18 02:40:00'),
	(17, 10, 4, '2025-03-18 02:40:02'),
	(18, 19, 4, '2025-03-18 02:40:06'),
	(19, 25, 4, '2025-03-18 02:40:10'),
	(20, 16, 4, '2025-03-18 02:40:13'),
	(21, 21, 4, '2025-03-18 02:40:16'),
	(22, 3, 5, '2025-03-18 02:40:31'),
	(23, 7, 5, '2025-03-18 02:40:33'),
	(24, 14, 5, '2025-03-18 02:40:36'),
	(25, 25, 5, '2025-03-18 02:40:41'),
	(26, 19, 5, '2025-03-18 02:40:43'),
	(27, 17, 5, '2025-03-18 02:40:48'),
	(28, 23, 5, '2025-03-18 02:40:54'),
	(29, 6, 6, '2025-03-18 02:43:33'),
	(30, 7, 6, '2025-03-18 02:43:35'),
	(31, 10, 6, '2025-03-18 02:43:38'),
	(32, 16, 6, '2025-03-18 02:43:41'),
	(33, 25, 6, '2025-03-18 02:43:45'),
	(34, 22, 6, '2025-03-18 02:43:48'),
	(35, 3, 7, '2025-03-18 02:45:25'),
	(36, 7, 7, '2025-03-18 02:45:28'),
	(37, 10, 7, '2025-03-18 02:45:30'),
	(38, 25, 7, '2025-03-18 02:45:34'),
	(39, 17, 7, '2025-03-18 02:45:37'),
	(40, 19, 7, '2025-03-18 02:45:41'),
	(41, 23, 7, '2025-03-18 02:45:44'),
	(42, 6, 8, '2025-03-18 02:46:00'),
	(43, 7, 8, '2025-03-18 02:46:03'),
	(44, 13, 8, '2025-03-18 02:46:05'),
	(45, 16, 8, '2025-03-18 02:46:08'),
	(46, 26, 8, '2025-03-18 02:46:12'),
	(47, 18, 8, '2025-03-18 02:46:16'),
	(48, 24, 8, '2025-03-18 02:46:19'),
	(49, 3, 9, '2025-03-18 02:48:00'),
	(50, 9, 9, '2025-03-18 02:48:03'),
	(51, 11, 9, '2025-03-18 02:48:06'),
	(52, 25, 9, '2025-03-18 02:48:10'),
	(53, 20, 9, '2025-03-18 02:48:14'),
	(54, 17, 9, '2025-03-18 02:48:18'),
	(55, 24, 9, '2025-03-18 02:48:22'),
	(56, 5, 10, '2025-03-18 02:48:42'),
	(57, 9, 10, '2025-03-18 02:48:44'),
	(58, 15, 10, '2025-03-18 02:48:46'),
	(59, 26, 10, '2025-03-18 02:48:49'),
	(60, 16, 10, '2025-03-18 02:48:53'),
	(61, 18, 10, '2025-03-18 02:48:56'),
	(62, 21, 10, '2025-03-18 02:48:59'),
	(63, 5, 11, '2025-03-18 02:50:42'),
	(64, 8, 11, '2025-03-18 02:50:44'),
	(65, 12, 11, '2025-03-18 02:50:48'),
	(66, 26, 11, '2025-03-18 02:50:52'),
	(67, 16, 11, '2025-03-18 02:50:55'),
	(68, 20, 11, '2025-03-18 02:50:58'),
	(69, 24, 11, '2025-03-18 02:51:01'),
	(70, 4, 12, '2025-03-18 02:51:14'),
	(71, 9, 12, '2025-03-18 02:51:16'),
	(72, 15, 12, '2025-03-18 02:51:20'),
	(73, 26, 12, '2025-03-18 02:51:23'),
	(74, 17, 12, '2025-03-18 02:51:26'),
	(75, 18, 12, '2025-03-18 02:51:32'),
	(76, 22, 12, '2025-03-18 02:51:35'),
	(77, 4, 13, '2025-03-18 02:53:48'),
	(78, 8, 13, '2025-03-18 02:53:50'),
	(79, 14, 13, '2025-03-18 02:53:53'),
	(80, 25, 13, '2025-03-18 02:53:56'),
	(81, 16, 13, '2025-03-18 02:53:59'),
	(82, 20, 13, '2025-03-18 02:54:04'),
	(83, 21, 13, '2025-03-18 02:54:07'),
	(84, 1, 14, '2025-03-18 02:54:25'),
	(85, 7, 14, '2025-03-18 02:54:27'),
	(86, 11, 14, '2025-03-18 02:54:29'),
	(87, 16, 14, '2025-03-18 02:54:34'),
	(88, 25, 14, '2025-03-18 02:54:37'),
	(89, 18, 14, '2025-03-18 02:54:57'),
	(90, 23, 14, '2025-03-18 02:55:00'),
	(91, 6, 15, '2025-03-18 02:55:14'),
	(92, 7, 15, '2025-03-18 02:55:20'),
	(93, 11, 15, '2025-03-18 02:55:23'),
	(94, 26, 15, '2025-03-18 02:55:27'),
	(95, 16, 15, '2025-03-18 02:55:30'),
	(96, 19, 15, '2025-03-18 02:55:33'),
	(97, 22, 15, '2025-03-18 02:55:37'),
	(98, 5, 16, '2025-03-18 03:01:10'),
	(99, 9, 16, '2025-03-18 03:01:13'),
	(100, 12, 16, '2025-03-18 03:01:20'),
	(101, 26, 16, '2025-03-18 03:01:24'),
	(102, 24, 16, '2025-03-18 03:01:31'),
	(103, 20, 16, '2025-03-18 03:01:35'),
	(104, 16, 16, '2025-03-18 03:01:40'),
	(105, 4, 17, '2025-03-18 03:01:55'),
	(106, 8, 17, '2025-03-18 03:01:59'),
	(107, 15, 17, '2025-03-18 03:02:04'),
	(108, 25, 17, '2025-03-18 03:02:07'),
	(109, 17, 17, '2025-03-18 03:02:11'),
	(110, 18, 17, '2025-03-18 03:02:16'),
	(111, 21, 17, '2025-03-18 03:02:20'),
	(112, 6, 18, '2025-03-18 03:02:33'),
	(113, 8, 18, '2025-03-18 03:02:35'),
	(114, 11, 18, '2025-03-18 03:02:39'),
	(115, 26, 18, '2025-03-18 03:02:43'),
	(116, 17, 18, '2025-03-18 03:02:46'),
	(117, 19, 18, '2025-03-18 03:02:50'),
	(118, 22, 18, '2025-03-18 03:02:56'),
	(119, 5, 19, '2025-03-18 03:03:10'),
	(120, 8, 19, '2025-03-18 03:04:09'),
	(121, 10, 19, '2025-03-18 03:04:12'),
	(122, 25, 19, '2025-03-18 03:04:16'),
	(123, 17, 19, '2025-03-18 03:04:19'),
	(124, 20, 19, '2025-03-18 03:04:22'),
	(125, 22, 19, '2025-03-18 03:04:26'),
	(126, 3, 20, '2025-03-18 03:04:41'),
	(127, 8, 20, '2025-03-18 03:04:43'),
	(128, 15, 20, '2025-03-18 03:04:46'),
	(129, 26, 20, '2025-03-18 03:04:50'),
	(130, 20, 20, '2025-03-18 03:04:53'),
	(131, 17, 20, '2025-03-18 03:04:56'),
	(132, 23, 20, '2025-03-18 03:05:01'),
	(133, 3, 21, '2025-03-18 03:05:14'),
	(134, 7, 21, '2025-03-18 03:05:16'),
	(135, 14, 21, '2025-03-18 03:05:19'),
	(136, 16, 21, '2025-03-18 03:05:22'),
	(137, 25, 21, '2025-03-18 03:05:25'),
	(138, 18, 21, '2025-03-18 03:05:28'),
	(139, 24, 21, '2025-03-18 03:05:32'),
	(140, 4, 22, '2025-03-18 03:08:01'),
	(141, 7, 22, '2025-03-18 03:08:04'),
	(142, 10, 22, '2025-03-18 03:08:07'),
	(143, 25, 22, '2025-03-18 03:08:10'),
	(144, 17, 22, '2025-03-18 03:08:14'),
	(145, 20, 22, '2025-03-18 03:08:18'),
	(146, 24, 22, '2025-03-18 03:08:22'),
	(147, 6, 23, '2025-03-18 03:08:34'),
	(148, 9, 23, '2025-03-18 03:08:38'),
	(149, 15, 23, '2025-03-18 03:08:40'),
	(150, 26, 23, '2025-03-18 03:08:44'),
	(151, 17, 23, '2025-03-18 03:08:47'),
	(152, 18, 23, '2025-03-18 03:08:50'),
	(153, 22, 23, '2025-03-18 03:08:53'),
	(154, 6, 24, '2025-03-18 03:09:06'),
	(155, 8, 24, '2025-03-18 03:09:08'),
	(156, 11, 24, '2025-03-18 03:09:13'),
	(157, 26, 24, '2025-03-18 03:09:16'),
	(158, 16, 24, '2025-03-18 03:09:22'),
	(159, 19, 24, '2025-03-18 03:09:25'),
	(160, 23, 24, '2025-03-18 03:09:29'),
	(161, 5, 25, '2025-03-18 03:09:50'),
	(162, 8, 25, '2025-03-18 03:09:52'),
	(163, 15, 25, '2025-03-18 03:09:55'),
	(164, 17, 25, '2025-03-18 03:09:59'),
	(165, 25, 25, '2025-03-18 03:10:02'),
	(166, 19, 25, '2025-03-18 03:10:06'),
	(167, 24, 25, '2025-03-18 03:10:09'),
	(168, 5, 26, '2025-03-18 03:10:25'),
	(169, 9, 26, '2025-03-18 03:10:28'),
	(170, 10, 26, '2025-03-18 03:10:30'),
	(171, 26, 26, '2025-03-18 03:10:33'),
	(172, 16, 26, '2025-03-18 03:10:36'),
	(173, 18, 26, '2025-03-18 03:10:40'),
	(174, 23, 26, '2025-03-18 03:10:43'),
	(175, 6, 27, '2025-03-18 03:10:55'),
	(176, 7, 27, '2025-03-18 03:10:58'),
	(177, 15, 27, '2025-03-18 03:11:01'),
	(178, 25, 27, '2025-03-18 03:11:05'),
	(179, 16, 27, '2025-03-18 03:11:08'),
	(180, 19, 27, '2025-03-18 03:11:11'),
	(181, 24, 27, '2025-03-18 03:11:15'),
	(182, 5, 28, '2025-03-18 03:11:27'),
	(183, 8, 28, '2025-03-18 03:11:29'),
	(184, 10, 28, '2025-03-18 03:11:32'),
	(185, 26, 28, '2025-03-18 03:11:36'),
	(186, 17, 28, '2025-03-18 03:11:39'),
	(187, 18, 28, '2025-03-18 03:11:42'),
	(188, 23, 28, '2025-03-18 03:11:46'),
	(189, 5, 29, '2025-03-18 03:11:56'),
	(190, 8, 29, '2025-03-18 03:11:59'),
	(191, 15, 29, '2025-03-18 03:12:01'),
	(192, 25, 29, '2025-03-18 03:12:06'),
	(193, 16, 29, '2025-03-18 03:12:08'),
	(194, 19, 29, '2025-03-18 03:12:12'),
	(195, 24, 29, '2025-03-18 03:12:15'),
	(196, 6, 30, '2025-03-18 03:12:26'),
	(197, 9, 30, '2025-03-18 03:12:29'),
	(198, 13, 30, '2025-03-18 03:12:31'),
	(199, 26, 30, '2025-03-18 03:12:34'),
	(200, 17, 30, '2025-03-18 03:12:37'),
	(201, 19, 30, '2025-03-18 03:12:39'),
	(202, 21, 30, '2025-03-18 03:12:43'),
	(203, 1, 31, '2025-03-18 03:13:54'),
	(204, 9, 31, '2025-03-18 03:13:58'),
	(205, 12, 31, '2025-03-18 03:14:02'),
	(206, 25, 31, '2025-03-18 03:14:05'),
	(207, 16, 31, '2025-03-18 03:14:09'),
	(208, 20, 31, '2025-03-18 03:14:12'),
	(209, 24, 31, '2025-03-18 03:14:16'),
	(210, 3, 32, '2025-03-18 03:14:32'),
	(211, 9, 32, '2025-03-18 03:14:35'),
	(212, 14, 32, '2025-03-18 03:14:37'),
	(213, 17, 32, '2025-03-18 03:14:40'),
	(214, 26, 32, '2025-03-18 03:14:43'),
	(215, 20, 32, '2025-03-18 03:14:46'),
	(216, 22, 32, '2025-03-18 03:14:49'),
	(217, 1, 33, '2025-03-18 03:15:02'),
	(218, 9, 33, '2025-03-18 03:15:05'),
	(219, 13, 33, '2025-03-18 03:15:08'),
	(220, 17, 33, '2025-03-18 03:15:11'),
	(221, 25, 33, '2025-03-18 03:15:15'),
	(222, 18, 33, '2025-03-18 03:15:19'),
	(223, 21, 33, '2025-03-18 03:15:24'),
	(224, 9, 34, '2025-03-18 21:16:21'),
	(225, 26, 34, '2025-03-18 21:16:36'),
	(226, 18, 34, '2025-03-18 21:22:13'),
	(227, 5, 34, '2025-03-18 21:22:15'),
	(228, 12, 34, '2025-03-18 21:22:18'),
	(229, 17, 34, '2025-03-18 21:22:22'),
	(230, 23, 34, '2025-03-18 21:22:25');

/*!40103 SET TIME_ZONE=IFNULL(@OLD_TIME_ZONE, 'system') */;
/*!40101 SET SQL_MODE=IFNULL(@OLD_SQL_MODE, '') */;
/*!40014 SET FOREIGN_KEY_CHECKS=IFNULL(@OLD_FOREIGN_KEY_CHECKS, 1) */;
/*!40101 SET CHARACTER_SET_CLIENT=@OLD_CHARACTER_SET_CLIENT */;
/*!40111 SET SQL_NOTES=IFNULL(@OLD_SQL_NOTES, 1) */;
